Hap Index 	Expression Value 	Expression Level 	Prediction 
0 	 0.000000 	 0 	 Level 0 
1 	 0.024810 	 1 	 Level 1 
2 	 0.016113 	 1 	 Level 0 
3 	 0.000000 	 0 	 Level 1 
4 	 0.016745 	 1 	 Level 0 
5 	 0.036379 	 1 	 Level 1 
6 	 0.005486 	 0 	 Level 0 
7 	 0.014345 	 1 	 Level 1 
8 	 0.000000 	 0 	 Level 0 
9 	 0.006893 	 0 	 Level 0 
10 	 0.000000 	 0 	 Level 1 
11 	 0.000000 	 0 	 Level 1 
12 	 0.017449 	 1 	 Level 0 
13 	 0.006930 	 1 	 Level 1 
