Hap Index 	Expression Value 	Expression Level 	Prediction 
0 	 0.000000 	 0 	 Level 0 
1 	 0.016113 	 1 	 Level 0 
2 	 0.000000 	 0 	 Level 1 
3 	 0.016745 	 1 	 Level 0 
4 	 0.005486 	 0 	 Level 0 
5 	 0.014345 	 1 	 Level 0 
6 	 0.000000 	 0 	 Level 0 
7 	 0.006893 	 0 	 Level 0 
8 	 0.000000 	 0 	 Level 1 
9 	 0.000000 	 0 	 Level 0 
10 	 0.017449 	 1 	 Level 0 
11 	 0.006930 	 0 	 Level 0 
