Haplotype_Length	False_Classification_Proportion
50	0.340000
60	0.400000
70	0.350000
80	0.310000
90	0.300000
100	0.280000
110	0.290000
120	0.340000
130	0.380000
140	0.330000
150	0.320000
160	0.290000
180	0.390000
190	0.410000
200	0.340000
