Haplotype_Length	False_Classification_Proportion
50	0.400000
60	0.400000
70	0.380000
80	0.410000
90	0.490000
100	0.480000
110	0.460000
120	0.450000
130	0.460000
140	0.470000
150	0.510000
160	0.500000
180	0.530000
190	0.570000
200	0.610000


