Hap Index 	Expression Value 	Expression Level 	Prediction 
0 	 0.000000 	 0 	 Level 1 
1 	 0.008260 	 0 	 Level 0 
2 	 0.025035 	 1 	 Level 1 
3 	 0.011659 	 0 	 Level 1 
4 	 0.000000 	 0 	 Level 0 
5 	 0.016149 	 1 	 Level 1 
6 	 0.018265 	 1 	 Level 0 
7 	 0.002388 	 0 	 Level 1 
8 	 0.004590 	 0 	 Level 0 
9 	 0.019924 	 1 	 Level 1 
10 	 0.013981 	 1 	 Level 1 
11 	 0.000000 	 0 	 Level 0 
12 	 0.000000 	 0 	 Level 1 
13 	 0.020765 	 1 	 Level 1 
