Hap Index 	Expression Value 	Expression Level 	Predicted Expression Level 
0 	 10.000000 	 1 	 1 
1 	 10.000000 	 1 	 1 
2 	 10.000000 	 1 	 1 
3 	 10.000000 	 1 	 1 
4 	 2.000000 	 0 	 0 
5 	 2.000000 	 0 	 0 
6 	 2.000000 	 0 	 0 
7 	 2.000000 	 0 	 0 
